id;uuid;first_name;last_name;born_on;died_on;created_at;updated_at;gender;title;homepage_url;facebook_url;twitter_url;linkedin_url;city_name;region_name;country_code
1;Small Frozen Salad bypassing;time-frame Quality;Borders Borders Practical;2019-08-25T08:03:46;2019-08-25T03:13:37;2019-08-24T19:48:19;2019-08-25T02:22:33;Danish Krone parse;neural Wooden Optimization;Tasty Rubber Car mindshare EXE;bandwidth Liaison;program Auto Loan Account Refined;infomediaries;Fantastic Fresh Salad;Steel Avon Visionary;exploit transition
2;User-centric Principal Pennsylvania;repurpose Sleek;mesh system Triple-buffered;2019-08-25T02:20:16;2019-08-25T07:35:42;2019-08-24T23:50:13;2019-08-24T22:26:27;Tools;Arizona hack;Fresh payment synthesize;Versatile seize;asymmetric EXE;web services;Industrial Designer Incredible Fresh Car;Principal Senior;Paraguay
3;Sleek Tuna magenta;Wells;Naira iterate;2019-08-24T16:34:25;2019-08-25T09:10:23;2019-08-24T12:17:53;2019-08-25T03:31:15;Brand Regional Court;B2B Mouse;Junctions one-to-one;analyzing holistic;Architect;Beauty dynamic schemas;Pound Sterling Keyboard;Licensed Usability models;Personal Loan Account markets
4;SCSI Aruba Chair;drive online;Liaison engage navigate;2019-08-25T00:49:56;2019-08-24T10:59:10;2019-08-24T14:21:51;2019-08-24T14:03:11;bypassing Bypass;Plastic Movies;SMS;Zimbabwe parse Customer;input Accounts;enhance Multi-channelled purple;Response;white SMTP;Checking Account global Steel
5;Borders Springs connecting;SAS;Planner Refined;2019-08-24T15:15:37;2019-08-25T00:34:49;2019-08-24T20:06:18;2019-08-25T07:02:51;Grocery transmit;payment digital;Rubber Industrial seamless;withdrawal Jamaica;International;Luxembourg Spurs;empower Home Loan Account SMS;back-end Via indexing;Business-focused Canyon Orchestrator
6;frictionless orchid;Future-proofed Awesome;Creek;2019-08-24T20:13:46;2019-08-25T06:37:05;2019-08-25T00:39:24;2019-08-25T06:55:55;deposit Chicken best-of-breed;RSS Buckinghamshire Officer;teal Licensed Wooden Pants;e-business;Awesome;Kiribati;cyan innovative;open architecture alliance;online
7;Bulgarian Lev Cambridgeshire;Regional;Home;2019-08-24T13:25:29;2019-08-24T14:54:55;2019-08-25T08:14:07;2019-08-24T16:18:21;Chips sky blue;Central Polarised;back-end Roads bypass;Concrete;feed;connecting generate Music;Inlet Hungary Configurable;interface;Toys
8;overriding;internet solution;Total;2019-08-25T02:02:01;2019-08-24T20:01:04;2019-08-24T22:53:19;2019-08-24T17:57:56;bluetooth Berkshire;Nebraska;Nevada quantify architectures;empower;customized payment;Grass-roots Cambridgeshire;Personal Loan Account;Music;Pants
9;Avon;blue scalable Car;bypassing Sleek Steel Shirt Rand Namibia Dollar;2019-08-24T10:19:48;2019-08-25T07:34:30;2019-08-24T12:44:43;2019-08-25T00:42:55;Agent TCP;Engineer Bedfordshire feed;Assurance Nebraska Mississippi;synthesizing;silver;system;Buckinghamshire;Bouvet Island (Bouvetoya);Auto Loan Account asymmetric Montana
10;Applications;Montenegro;frictionless;2019-08-24T23:21:41;2019-08-25T07:02:16;2019-08-24T21:05:51;2019-08-25T08:44:34;Manager open architecture;Gorgeous Metal Shoes;Investment Account;Investment Account cross-platform;Configuration;parse infrastructures Mobility;Implementation Shirt Unbranded Soft Fish;Refined Soft Keyboard synthesizing;indigo Bacon Mouse
